{"version":"0.1.0","name":"unityplusplus","instructions":[{"name":"initializeGame","accounts":[{"name":"game","isMut":true,"isSigner":true},{"name":"user","isMut":true,"isSigner":true},{"name":"systemProgram","isMut":false,"isSigner":false}],"args":[{"name":"data","type":"u64"}],"returns":{"defined":"InitializeGameResponse"}},{"name":"chooseCountry","accounts":[{"name":"game","isMut":true,"isSigner":false},{"name":"user","isMut":true,"isSigner":true},{"name":"systemProgram","isMut":false,"isSigner":false}],"args":[{"name":"username","type":"string"},{"name":"coords","type":{"defined":"Coordinate"}},{"name":"plr","type":"publicKey"}]},{"name":"getPlayerInfo","accounts":[{"name":"game","isMut":false,"isSigner":false},{"name":"user","isMut":false,"isSigner":true}],"args":[],"returns":{"defined":"PlayerInfo"}}],"accounts":[{"name":"Game","type":{"kind":"struct","fields":[{"name":"players","type":{"vec":{"defined":"Player"}}},{"name":"territories","type":{"vec":{"defined":"Territory"}}}]}}],"types":[{"name":"Coordinate","type":{"kind":"struct","fields":[{"name":"x","type":"i32"},{"name":"y","type":"i32"}]}},{"name":"Player","type":{"kind":"struct","fields":[{"name":"address","type":"publicKey"},{"name":"name","type":"string"},{"name":"score","type":"u16"},{"name":"coins","type":"u64"},{"name":"country","type":{"option":{"defined":"Coordinate"}}},{"name":"ownedTerritories","type":{"vec":{"defined":"Coordinate"}}},{"name":"color","type":"string"}]}},{"name":"PlayerInfo","type":{"kind":"struct","fields":[{"name":"name","type":"string"},{"name":"color","type":"string"},{"name":"score","type":"u16"}]}},{"name":"Territory","type":{"kind":"struct","fields":[{"name":"player","type":{"defined":"Player"}},{"name":"coordinate","type":{"defined":"Coordinate"}}]}},{"name":"InitializeGameResponse","type":{"kind":"struct","fields":[{"name":"gameAccountAddress","type":"publicKey"}]}}],"errors":[{"code":6000,"name":"PlayerNotFound","msg":"The player could not be found."}]}