{"version":"0.1.0","name":"unityplusplus","instructions":[{"name":"initializeGame","accounts":[{"name":"game","isMut":true,"isSigner":true},{"name":"user","isMut":true,"isSigner":true},{"name":"systemProgram","isMut":false,"isSigner":false}],"args":[{"name":"data","type":"u64"}],"returns":{"defined":"InitializeGameResponse"}},{"name":"chooseCountry","accounts":[{"name":"game","isMut":true,"isSigner":false},{"name":"user","isMut":true,"isSigner":true},{"name":"systemProgram","isMut":false,"isSigner":false}],"args":[{"name":"username","type":"string"},{"name":"coords","type":{"defined":"Coordinate"}}]},{"name":"getPlayerInfo","accounts":[{"name":"game","isMut":false,"isSigner":false},{"name":"user","isMut":false,"isSigner":true}],"args":[],"returns":{"defined":"PlayerInfo"}}],"accounts":[{"name":"Game","type":{"kind":"struct","fields":[{"name":"players","type":{"vec":{"defined":"Player"}}},{"name":"territories","type":{"vec":{"defined":"Territory"}}}]}}],"types":[{"name":"Coordinate","type":{"kind":"struct","fields":[{"name":"x","type":"u8"},{"name":"y","type":"u8"}]}},{"name":"Territory","type":{"kind":"struct","fields":[{"name":"coords","type":{"defined":"Coordinate"}},{"name":"owner","type":{"defined":"Player"}}]}},{"name":"Player","type":{"kind":"struct","fields":[{"name":"address","type":"publicKey"},{"name":"country","type":{"option":{"defined":"Coordinate"}}},{"name":"name","type":"string"},{"name":"color","type":"string"},{"name":"coins","type":"u8"},{"name":"score","type":"u8"},{"name":"ownedTerritories","type":{"vec":{"defined":"Coordinate"}}}]}},{"name":"PlayerInfo","type":{"kind":"struct","fields":[{"name":"name","type":"string"},{"name":"color","type":"string"},{"name":"score","type":"u8"}]}},{"name":"InitializeGameResponse","type":{"kind":"struct","fields":[{"name":"gameAccountAddress","type":"publicKey"}]}}],"errors":[{"code":6000,"name":"PlayerNotFound","msg":"The player could not be found."}]}